<?xml version="1.0" encoding="UTF-8" ?>
<!DOCTYPE mapper PUBLIC "-//mybatis.org//DTD Mapper 3.0//EN" "http://mybatis.org/dtd/mybatis-3-mapper.dtd" >
<mapper namespace="com.ke.mapper.ShiroMapper">
	<select id="getPermissionByUserName" parameterType="string" resultType="string">
		select p.permission from interface_premission p
		inner join interface_user_role r on p.role_id=r.role_id
		inner join operator_users u on r.user_id = u.id
		where u.username = #{username,jdbcType=VARCHAR}
	</select>

	<select id="getPasswordByUserName" parameterType="string" resultType="string">
		select u.password from chargepara.operator_users u,operator_config p
		where u.operator_id=p.operator_id and use_flag = 1 
		and u.username = p.operator_loginname and u.username = #{username,jdbcType=VARCHAR}
	</select>

	<select id="listUrlPermission" resultType="map">
		select u.url,group_concat(p.permission separator ',') permission
		from interface_role_url u,interface_role r,interface_premission p 
		where u.role_id = r.id and r.id = p.role_id 
		group by u.url
	</select>

	<select id="getOperatorIdByUsername" parameterType="string" resultType="map">
		select u.operator_id ,pc.member_id 
		from operator_users u LEFT JOIN operator_config pc 
		ON u.operator_id =pc.operator_id
		where u.username = #{username,jdbcType=VARCHAR}
	</select>
	
	<select id="getAccessAuthority" parameterType="string" resultType="boolean">
		SELECT COUNT('X') from operator_config c,operator_users u
		where c.operator_id = u.operator_id and use_flag = 1 
		and u.username = #{username,jdbcType=VARCHAR}
	</select>

</mapper>